date,ticker,sentiment,mentions,reddit_score,news_score,twitter_mentions,fear_greed_index,bullish_ratio,bearish_ratio,social_volume,data_type
2025-05-09,BTC,0.467,428584,64.15,-86.66,36575,8,7.64,68.21,164149,sentiment
2025-05-12,BTC,0.408,278484,0.66,-92.02,699272,52,88.4,74.85,2629738,sentiment
2025-05-13,BTC,-0.897,431994,-12.07,93.95,52317,48,38.1,37.96,2787107,sentiment
2025-05-14,BTC,-0.006,251731,11.44,75.18,440336,40,18.72,52.26,271004,sentiment
2025-05-15,BTC,0.872,261936,18.98,-84.35,491897,24,34.34,59.3,1946310,sentiment
2025-05-16,BTC,0.564,260950,58.8,98.76,921342,54,54.33,67.23,1640033,sentiment
2025-05-19,BTC,0.359,366714,93.36,14.56,102696,78,60.21,68.06,439141,sentiment
2025-05-20,BTC,-0.951,466592,-48.06,-59.54,515183,53,7.88,39.51,776328,sentiment
2025-05-21,BTC,-0.483,183450,-85.71,41.68,168910,87,7.83,34.71,2436030,sentiment
2025-05-22,BTC,-0.954,475788,-70.5,-54.42,544012,16,47.47,93.62,1812213,sentiment
2025-05-23,BTC,0.027,294231,-62.03,9.2,976940,21,43.0,99.53,122638,sentiment
2025-05-26,BTC,-0.687,342550,-69.6,-26.68,878114,86,62.52,74.48,2456949,sentiment
2025-05-27,BTC,-0.102,267274,11.03,42.67,799498,35,66.31,1.6,1367321,sentiment
2025-05-28,BTC,-0.75,13093,83.23,-88.57,578334,94,68.24,75.06,1751581,sentiment
2025-05-29,BTC,0.895,492661,-13.44,62.17,52682,47,1.23,23.86,1727966,sentiment
2025-05-30,BTC,-0.254,193007,96.22,-2.27,784458,42,47.04,11.13,1903593,sentiment
2025-06-02,BTC,0.315,327478,55.75,-70.11,353823,47,49.09,22.38,752446,sentiment
2025-06-03,BTC,0.218,491415,56.47,-16.74,498748,36,9.22,10.69,792301,sentiment
2025-06-04,BTC,-0.831,88041,79.11,-63.05,967096,63,3.62,25.28,2121818,sentiment
2025-06-05,BTC,-0.816,349213,-34.77,37.74,191443,47,88.42,34.06,2285734,sentiment
2025-06-06,BTC,-0.175,45326,24.73,12.6,436379,91,51.34,30.28,1474939,sentiment
2025-06-09,BTC,-0.295,100392,4.9,61.32,811813,62,20.24,9.78,2303795,sentiment
2025-06-10,BTC,0.706,260311,2.14,73.99,954408,92,29.15,62.74,486335,sentiment
2025-06-11,BTC,-0.977,248781,-49.01,-99.72,724776,13,92.54,99.66,1374448,sentiment
2025-06-12,BTC,0.496,252674,34.88,14.04,29608,30,30.87,63.57,1035678,sentiment
2025-06-13,BTC,-0.852,248733,67.93,96.1,364184,76,31.01,65.97,1842268,sentiment
2025-06-16,BTC,0.679,209163,84.36,-3.76,69926,18,88.04,19.18,57016,sentiment
2025-06-17,BTC,-0.031,118201,48.3,-51.72,814450,57,64.84,11.05,1541943,sentiment
2025-06-18,BTC,0.512,27587,35.09,-25.49,84007,53,97.12,37.2,477780,sentiment
2025-06-19,BTC,-0.255,390627,-25.76,41.25,644668,18,5.1,68.54,745979,sentiment
2025-06-20,BTC,0.798,143829,-61.35,-69.95,943742,98,37.5,50.68,1861694,sentiment
2025-06-23,BTC,0.081,67804,-80.48,-98.74,406800,74,10.06,24.27,98596,sentiment
2025-06-24,BTC,0.62,317353,-35.59,-30.91,191901,27,77.1,25.49,1488953,sentiment
2025-06-25,BTC,0.889,418229,-85.9,60.91,869954,30,83.44,54.44,1182532,sentiment
2025-06-26,BTC,0.923,380812,-15.48,53.76,806348,70,14.83,15.75,2447599,sentiment
2025-06-27,BTC,0.862,332792,90.36,6.12,418936,18,40.23,37.35,1895182,sentiment
2025-06-30,BTC,-0.681,121588,16.1,60.82,820898,99,6.69,95.06,2458339,sentiment
2025-07-01,BTC,-0.172,283103,-45.45,89.71,171171,28,97.4,69.99,1827775,sentiment
2025-07-02,BTC,-0.863,454060,42.95,-21.46,702637,79,42.27,77.17,219755,sentiment
2025-07-03,BTC,0.607,315122,-58.86,-46.13,374607,9,98.3,52.1,1987751,sentiment
2025-07-04,BTC,-0.774,51042,54.12,84.47,24459,10,63.46,77.05,2043451,sentiment
2025-07-07,BTC,0.473,117893,99.47,-80.45,493405,71,42.38,0.74,2836534,sentiment
2025-07-08,BTC,0.77,64649,42.32,53.84,648162,64,47.37,30.99,609967,sentiment
2025-07-09,BTC,-0.753,263883,47.19,-54.27,373672,43,8.06,74.55,1668547,sentiment
2025-07-10,BTC,0.007,18278,83.51,-25.4,437022,54,48.62,91.33,2752137,sentiment
2025-07-11,BTC,-0.974,27420,73.23,89.58,447217,80,73.08,72.96,686301,sentiment
2025-07-14,BTC,0.33,268639,-71.46,-76.32,605406,85,12.09,40.04,2151709,sentiment
2025-07-15,BTC,-0.547,422724,-99.57,82.18,972299,63,37.5,85.37,1121560,sentiment
2025-07-16,BTC,0.052,251594,-70.12,-17.67,371222,40,88.56,2.42,1079448,sentiment
2025-07-17,BTC,-0.23,210303,-90.62,-60.28,661547,93,53.98,54.02,2237893,sentiment
2025-07-18,BTC,0.747,349629,-6.0,89.85,982609,56,15.26,16.05,2051479,sentiment
2025-07-21,BTC,0.294,199274,-69.8,-7.12,302761,53,47.63,61.62,2446889,sentiment
2025-07-22,BTC,-0.588,304274,94.4,-98.64,332007,73,53.88,54.73,653806,sentiment
2025-07-23,BTC,0.972,396956,-21.17,5.3,726064,27,95.37,0.3,2601063,sentiment
2025-07-24,BTC,0.106,292931,42.79,-26.29,331209,23,12.73,72.68,1793827,sentiment
2025-07-25,BTC,-0.704,106055,-52.96,-24.44,981629,25,53.78,5.8,2539392,sentiment
2025-07-28,BTC,0.332,445775,-2.72,11.74,676606,24,43.67,45.82,569658,sentiment
2025-07-29,BTC,0.002,105205,27.8,94.47,843686,25,37.88,42.42,1333549,sentiment
2025-07-30,BTC,0.061,456207,-40.79,81.85,250203,5,97.74,4.71,2088262,sentiment
2025-07-31,BTC,0.228,21811,71.47,-21.08,73660,62,43.52,80.62,1301113,sentiment
2025-08-01,BTC,0.758,294801,-34.58,35.61,826460,71,23.3,39.44,2319415,sentiment
2025-08-04,BTC,-0.726,271626,-52.93,-10.33,534718,81,61.16,93.86,2899509,sentiment
2025-08-05,BTC,-0.576,428726,-50.84,-96.68,3630,2,77.33,57.82,18394,sentiment
2025-08-06,BTC,-0.97,65605,-53.56,20.46,355912,56,55.75,66.71,679394,sentiment
2025-08-07,BTC,-0.775,11547,-70.13,54.21,689275,99,8.12,33.44,853021,sentiment
2025-08-08,BTC,0.013,401836,-26.09,28.71,934598,52,73.78,84.04,2101030,sentiment
2025-08-11,BTC,-0.189,363472,-60.46,-2.14,500429,11,61.53,60.11,1855982,sentiment
2025-08-12,BTC,-0.576,72381,-40.82,5.4,778686,13,49.68,63.11,1631227,sentiment
2025-08-13,BTC,-0.663,412039,-5.49,-45.59,33872,56,5.45,79.07,1682541,sentiment
2025-08-14,BTC,-0.73,50333,7.11,-90.7,928782,41,94.05,18.37,1417717,sentiment
2025-08-15,BTC,0.929,176988,30.97,-79.45,949466,3,83.29,4.71,300358,sentiment
2025-08-18,BTC,0.576,60750,39.54,94.82,253018,25,34.64,99.94,747775,sentiment
2025-08-19,BTC,0.0,324695,97.59,17.24,945758,71,63.87,88.6,2758117,sentiment
2025-08-20,BTC,0.618,109632,-98.3,52.72,213796,7,14.63,91.94,2187047,sentiment
2025-08-21,BTC,-0.678,225974,58.18,-67.47,201655,19,68.69,34.98,2909443,sentiment
2025-08-22,BTC,-0.211,121613,32.3,0.2,402118,49,72.31,73.32,1412413,sentiment
2025-08-25,BTC,-0.732,410979,-76.52,41.75,395722,39,68.76,77.7,1267058,sentiment
2025-08-26,BTC,0.587,431906,-22.27,49.02,748428,54,29.32,23.27,1585176,sentiment
2025-08-27,BTC,0.494,38986,87.69,47.5,371036,78,31.14,28.05,2187164,sentiment
2025-08-28,BTC,-0.536,409087,-3.27,48.83,130011,2,18.4,29.93,769005,sentiment
2025-08-29,BTC,0.262,146946,0.38,2.72,349614,64,30.71,71.74,154600,sentiment
2025-09-01,BTC,-0.569,246402,-4.57,9.32,617493,23,80.15,27.53,2232270,sentiment
2025-09-02,BTC,-0.601,82071,-56.12,5.67,458525,42,76.51,29.03,1244066,sentiment
2025-09-03,BTC,-0.928,187770,-93.79,-14.47,393597,48,93.41,12.79,265196,sentiment
2025-09-04,BTC,0.691,68006,16.48,82.24,800911,78,92.64,33.55,2342986,sentiment
2025-09-05,BTC,-0.639,476952,-12.54,85.16,387149,75,47.95,42.06,2848223,sentiment
2025-09-08,BTC,-0.187,212271,82.83,-66.66,881488,6,74.11,84.57,100114,sentiment
2025-09-09,BTC,-0.337,370051,61.54,-71.99,44201,88,57.84,0.88,1940992,sentiment
2025-09-10,BTC,-0.185,37778,-97.48,-2.49,949130,26,88.67,18.71,583013,sentiment
2025-09-11,BTC,0.664,74053,-14.35,-20.98,672385,97,62.27,2.41,245819,sentiment
2025-09-12,BTC,0.641,495075,74.26,26.32,832575,61,70.93,70.67,2392814,sentiment
2025-09-15,BTC,-0.104,442969,49.38,74.98,90829,8,97.89,58.46,128529,sentiment
2025-09-16,BTC,0.679,305355,49.76,-51.56,973090,91,92.94,37.05,128915,sentiment
2025-09-17,BTC,0.254,383642,-32.86,-92.28,680962,48,19.78,1.07,1301301,sentiment
2025-09-18,BTC,0.056,255042,-7.82,-27.73,529260,66,84.36,25.13,1289871,sentiment
2025-09-19,BTC,-0.776,125074,-13.07,-7.23,757944,41,26.45,21.91,127712,sentiment
2025-09-22,BTC,0.761,236274,92.75,-93.96,268920,20,19.19,20.07,1948917,sentiment
2025-09-23,BTC,-0.082,463860,29.33,-1.53,847804,17,66.82,55.39,227068,sentiment
2025-09-24,BTC,0.669,90875,23.21,-78.71,85463,14,94.45,85.73,837697,sentiment
2025-09-25,BTC,-0.775,457201,47.74,-3.54,684886,58,78.12,51.13,1428195,sentiment
2025-09-26,BTC,-0.434,293155,-62.11,-1.45,983040,35,84.86,4.54,2904432,sentiment
2025-09-29,BTC,0.025,211599,44.81,62.01,879996,65,85.5,42.31,2030829,sentiment
2025-09-30,BTC,0.088,37678,-84.0,-89.08,928552,61,97.77,68.33,1964507,sentiment
2025-10-01,BTC,0.649,244582,12.45,42.61,873715,91,90.27,28.56,1047764,sentiment
2025-10-02,BTC,0.867,465250,5.01,-35.23,487182,91,38.6,34.63,516146,sentiment
2025-10-03,BTC,0.891,44556,-62.54,34.0,576843,28,94.56,91.21,1105609,sentiment
2025-10-06,BTC,-0.484,443845,-74.32,40.47,823951,44,26.25,42.28,826990,sentiment
2025-10-07,BTC,0.055,327474,19.33,12.41,810097,81,14.62,57.21,1630329,sentiment
2025-10-08,BTC,0.916,306341,-4.66,94.49,502481,15,57.62,96.91,1977415,sentiment
2025-10-09,BTC,-0.784,93590,-85.21,87.76,457887,12,19.77,41.7,994076,sentiment
2025-10-10,BTC,-0.924,56212,-97.43,-0.55,592690,98,8.1,7.62,2457374,sentiment
2025-10-13,BTC,-0.533,400415,47.93,21.33,101839,51,47.98,40.21,2081253,sentiment
2025-10-14,BTC,0.12,124047,1.58,-17.48,225471,53,31.45,25.46,1640933,sentiment
2025-10-15,BTC,0.836,302781,96.57,22.89,957738,43,13.58,67.44,1122386,sentiment
2025-10-16,BTC,0.369,415924,-97.47,-59.16,611266,64,60.38,17.93,66021,sentiment
2025-10-17,BTC,0.851,167217,-87.82,52.71,978399,96,71.9,1.7,2030252,sentiment
2025-10-20,BTC,-0.641,234619,92.43,-85.74,107089,25,60.32,53.19,2462368,sentiment
2025-10-21,BTC,-0.258,342657,31.53,-47.02,31457,90,71.52,70.3,2139974,sentiment
2025-10-22,BTC,0.563,394081,61.87,39.85,131821,27,3.84,23.29,2016013,sentiment
2025-10-23,BTC,-0.276,275456,-86.69,35.71,65511,89,70.71,23.84,893053,sentiment
2025-10-24,BTC,0.424,101203,-94.25,48.13,105021,68,21.25,52.6,2467881,sentiment
2025-10-27,BTC,-0.45,371179,-5.59,-58.72,804689,56,70.98,90.22,202039,sentiment
2025-10-28,BTC,-0.826,438185,-52.85,-75.79,257120,1,45.66,66.57,132319,sentiment
2025-10-29,BTC,0.177,316152,60.0,-73.57,431343,76,48.04,37.13,2618100,sentiment
2025-10-30,BTC,-0.62,284051,-55.28,87.36,100699,40,70.5,72.15,1926548,sentiment
2025-10-31,BTC,0.824,66483,-23.76,7.81,747072,52,56.76,79.08,961742,sentiment
2025-11-03,BTC,-0.699,347493,38.15,-73.94,48129,11,72.08,32.41,1067789,sentiment
2025-11-04,BTC,-0.194,453479,-75.24,-24.76,93998,92,55.76,48.57,1481785,sentiment
2025-11-05,BTC,0.753,483467,-35.31,76.0,538878,82,2.62,65.82,2562548,sentiment
2025-11-06,BTC,-0.241,261583,80.94,25.68,942296,24,30.58,3.52,1075125,sentiment
2025-11-07,BTC,0.813,489070,61.03,50.5,155710,38,15.99,59.89,2421117,sentiment
2025-11-10,BTC,-0.948,401140,-67.67,0.05,528525,23,2.93,48.56,121200,sentiment
2025-11-11,BTC,-0.575,342455,61.15,61.83,940961,9,58.59,57.25,1446996,sentiment
2025-11-12,BTC,0.716,436685,-50.55,77.2,323463,57,66.52,9.42,2534365,sentiment
2025-11-13,BTC,-0.626,290316,-16.56,-88.51,409528,21,25.43,93.47,1842067,sentiment
2025-11-14,BTC,-0.78,56170,-89.38,-3.97,98634,11,11.56,63.92,259334,sentiment
2025-11-17,BTC,-0.6,69309,97.29,27.02,931480,60,51.53,32.02,1447381,sentiment
2025-11-18,BTC,-0.153,473474,-14.79,70.68,303295,55,76.84,35.99,2493438,sentiment
2025-11-19,BTC,-0.468,191327,-21.32,76.07,713269,90,2.84,64.27,2876054,sentiment
2025-11-20,BTC,-0.083,34054,68.46,40.33,186352,87,19.24,31.5,403618,sentiment
2025-11-21,BTC,0.906,204798,-79.44,-77.03,678062,90,2.12,37.19,902628,sentiment
2025-11-24,BTC,0.795,378711,-2.68,97.33,45225,98,21.87,91.46,1529636,sentiment
2025-11-25,BTC,0.003,125518,95.36,81.58,382115,75,15.92,45.9,400960,sentiment
2025-11-26,BTC,-0.247,393247,-34.6,-92.94,129877,70,34.78,54.88,473164,sentiment
2025-11-27,BTC,0.314,469950,-35.15,42.15,341060,10,23.95,27.45,1847730,sentiment
2025-11-28,BTC,-0.62,375383,38.23,-64.98,347219,8,45.29,18.66,2452379,sentiment
2025-12-01,BTC,-0.983,461517,-71.82,-20.18,867168,63,59.25,0.33,2243484,sentiment
2025-12-02,BTC,0.235,420735,72.54,46.77,645571,57,79.09,99.75,576316,sentiment
2025-12-03,BTC,0.027,476774,39.93,-35.72,964932,76,25.83,59.35,323291,sentiment
2025-12-04,BTC,0.908,247718,-49.41,3.09,243130,58,52.54,63.06,1821167,sentiment
2025-12-05,BTC,-0.118,379369,62.94,-54.94,26916,77,79.46,40.64,507546,sentiment
2025-12-08,BTC,-0.947,323883,-23.62,64.02,425507,44,53.66,44.03,930050,sentiment
2025-12-09,BTC,-0.292,178660,37.0,36.13,66358,70,41.4,81.84,660430,sentiment
2025-12-10,BTC,0.211,196952,-72.13,95.11,994943,96,73.43,60.05,1991462,sentiment
2025-12-11,BTC,-0.689,155032,-62.74,-35.74,275387,99,16.6,84.2,2552566,sentiment
2025-12-12,BTC,-0.897,276725,26.21,18.57,74238,33,9.41,68.7,2866473,sentiment
2025-12-15,BTC,0.004,443648,-91.42,-33.61,815919,14,71.94,15.2,2790246,sentiment
2025-12-16,BTC,0.971,42157,49.88,-12.63,511891,94,44.43,86.64,1359219,sentiment
2025-12-17,BTC,0.135,435750,15.6,63.36,248254,49,24.09,97.61,1470444,sentiment
2025-12-18,BTC,0.907,422681,17.59,-55.27,912112,68,2.02,9.92,1928883,sentiment
2025-12-19,BTC,-0.671,113409,-85.38,67.41,687701,100,26.15,55.31,1277569,sentiment
2025-12-22,BTC,-0.888,53136,73.04,-65.53,331966,13,38.65,67.46,1491485,sentiment
2025-12-23,BTC,-0.236,262936,-47.79,20.93,373838,70,19.14,22.65,210255,sentiment
2025-12-24,BTC,0.954,249610,15.37,11.09,305453,73,39.21,69.18,1390712,sentiment
2025-12-25,BTC,-0.614,301906,22.05,83.88,718104,80,6.96,67.14,1965908,sentiment
2025-12-26,BTC,-0.559,104016,-71.79,78.12,116767,3,0.9,67.99,2938470,sentiment
2025-12-29,BTC,-0.085,198434,5.76,39.83,974526,0,16.97,39.14,1554160,sentiment
2025-12-30,BTC,0.885,380021,-66.06,-10.88,996756,3,33.72,37.58,2130183,sentiment
2025-12-31,BTC,-0.352,225524,52.24,-43.84,367307,72,83.55,28.54,2740796,sentiment
2026-01-01,BTC,-0.896,483659,-12.15,65.19,349625,74,7.3,75.76,2127383,sentiment
2026-01-02,BTC,0.436,72142,-91.09,54.16,493454,43,75.46,89.91,122157,sentiment
2026-01-05,BTC,0.428,91869,-55.37,30.35,40870,59,13.62,61.15,1147527,sentiment
2026-01-06,BTC,0.682,225813,-86.22,-92.52,605892,48,15.75,18.46,382594,sentiment
2026-01-07,BTC,-0.346,405914,-17.75,35.07,562458,92,2.53,81.3,625505,sentiment
2026-01-08,BTC,0.784,77213,-98.68,-34.03,475650,6,47.2,23.78,909787,sentiment
2026-01-09,BTC,-0.068,141389,48.68,-90.63,492605,80,88.12,27.83,2515552,sentiment
2026-01-12,BTC,-0.756,133764,8.66,-87.52,680274,81,3.12,93.22,1463908,sentiment
2026-01-13,BTC,0.788,85961,74.58,-90.88,978170,30,93.76,34.12,143242,sentiment
2026-01-14,BTC,-0.393,411033,9.16,80.15,552488,89,76.65,56.05,1788299,sentiment
2026-01-15,BTC,0.756,143701,84.16,54.15,416132,98,56.32,5.2,184826,sentiment
2026-01-16,BTC,-0.476,464993,15.1,32.94,170959,90,82.47,19.33,528211,sentiment
2026-01-19,BTC,0.393,352433,74.33,-53.65,413258,92,77.07,24.06,2137583,sentiment
2026-01-20,BTC,-0.803,269959,-33.96,37.02,584330,95,80.5,2.72,466955,sentiment
2026-01-21,BTC,-0.658,197131,41.01,48.7,304748,7,60.59,42.64,2703832,sentiment
2026-01-22,BTC,-0.823,150980,98.55,79.06,711298,86,18.2,42.42,2097312,sentiment
2026-01-23,BTC,0.807,274051,-25.47,33.88,665382,77,92.58,2.74,2836451,sentiment
2026-01-26,BTC,0.057,321717,-86.03,-12.23,538641,50,95.7,76.26,340740,sentiment
2026-01-27,BTC,0.266,430036,-66.23,73.28,627689,28,4.7,70.1,2136737,sentiment
2026-01-28,BTC,0.562,375373,25.41,67.2,536268,72,81.86,65.5,840293,sentiment
2026-01-29,BTC,-0.617,164710,59.96,5.92,856194,25,18.88,0.06,383574,sentiment
2026-01-30,BTC,-0.205,132811,53.39,-3.49,612707,0,56.53,88.9,1375689,sentiment
2026-02-02,BTC,0.572,107968,87.69,51.41,682207,60,67.45,65.13,2788773,sentiment
2026-02-03,BTC,-0.663,22992,-59.29,-88.04,258360,38,91.45,21.32,656262,sentiment
2026-02-04,BTC,0.337,278949,0.06,92.46,84569,26,24.51,64.36,2991199,sentiment
2026-02-05,BTC,-0.201,92437,13.08,80.26,169712,67,8.83,63.33,1004147,sentiment
2026-02-06,BTC,-0.517,149525,64.87,-82.99,983740,99,72.48,98.58,1329663,sentiment
2026-02-09,BTC,0.845,216613,-55.87,14.28,823427,46,68.66,28.66,1061422,sentiment
2026-02-10,BTC,-0.645,415273,-19.94,-48.39,197691,64,11.66,96.9,210864,sentiment
2026-02-11,BTC,0.463,277695,76.67,56.31,200533,87,46.95,70.6,117115,sentiment
2026-02-12,BTC,0.65,355034,16.53,81.84,126156,81,67.19,24.6,1112446,sentiment
2026-02-13,BTC,0.915,244561,-74.4,-90.63,358029,26,60.59,50.79,148657,sentiment
2026-02-16,BTC,0.411,218552,38.34,-69.2,248351,43,17.98,94.99,1584348,sentiment
2026-02-17,BTC,0.632,96148,-3.41,62.36,60687,73,95.51,92.87,2059893,sentiment
2026-02-18,BTC,-0.52,237796,-19.53,63.0,190945,90,6.84,44.49,76151,sentiment
2026-02-19,BTC,-0.932,54262,0.62,-74.81,769655,59,49.68,81.95,2066307,sentiment
2026-02-20,BTC,0.541,407666,65.06,-49.21,651199,87,45.12,21.38,1827816,sentiment
2026-02-23,BTC,-0.726,222544,38.07,-17.45,549743,42,93.57,52.18,2667021,sentiment
2026-02-24,BTC,0.143,259766,-0.97,1.65,822411,38,10.35,9.8,976600,sentiment
2026-02-25,BTC,-0.204,170809,-53.82,70.63,698404,23,97.1,64.05,2504500,sentiment
2026-02-26,BTC,0.239,433879,26.73,-27.89,744338,58,31.54,30.39,1792935,sentiment
2026-02-27,BTC,-0.441,39581,-62.64,-96.11,788094,57,19.03,70.97,1198891,sentiment
2026-03-02,BTC,0.608,357007,-89.42,-68.1,375264,43,95.1,9.91,2346723,sentiment
2026-03-03,BTC,-0.264,326595,-74.46,-63.58,223445,29,30.4,67.26,987337,sentiment
2026-03-04,BTC,-0.025,309974,49.23,69.0,97674,77,5.17,88.83,953281,sentiment
2026-03-05,BTC,-0.038,153354,70.79,14.5,844212,26,82.68,23.15,1201270,sentiment
2026-03-06,BTC,0.69,284853,-7.31,11.12,205379,56,20.51,29.82,1313466,sentiment
2026-03-09,BTC,-0.087,315331,-31.79,-63.94,217053,47,26.74,92.91,1751529,sentiment
2026-03-10,BTC,0.296,466475,91.64,89.41,906564,71,29.42,92.63,288889,sentiment
2026-03-11,BTC,0.992,265599,45.47,-42.7,490738,75,40.04,7.26,1786410,sentiment
2026-03-12,BTC,-0.485,288223,-15.94,80.92,970110,63,21.56,30.84,2890953,sentiment
2026-03-13,BTC,0.658,212944,-6.64,-73.64,1009,97,31.33,74.29,2724426,sentiment
2026-03-16,BTC,-0.472,430984,-81.52,-72.41,784996,28,89.9,18.17,2844412,sentiment
2026-03-17,BTC,0.256,438586,41.45,94.17,827755,68,84.34,54.98,962898,sentiment
2026-03-18,BTC,0.676,465320,-37.99,23.84,164658,2,60.94,3.94,323588,sentiment
2026-03-19,BTC,-0.63,28673,83.17,-43.54,588701,91,39.74,89.56,1676015,sentiment
2026-03-20,BTC,0.624,487436,-44.04,89.74,201058,75,76.66,51.06,2181168,sentiment
2026-03-23,BTC,-0.278,360900,55.36,78.11,638717,90,46.99,14.12,2470579,sentiment
2026-03-24,BTC,0.94,150051,-14.69,-80.61,267210,83,50.49,61.2,1700370,sentiment
2026-03-25,BTC,-0.048,369475,84.2,21.15,155244,64,57.19,76.45,2572333,sentiment
2026-03-26,BTC,0.386,68991,-95.64,-75.41,975985,7,63.65,92.34,432205,sentiment
2026-03-27,BTC,-0.289,333095,-33.46,-52.73,547003,50,51.52,8.69,22156,sentiment
2026-03-30,BTC,-0.651,158950,-59.87,-42.25,279458,12,16.81,49.89,408043,sentiment
2026-03-31,BTC,0.782,324132,-54.68,12.61,972782,7,46.42,36.18,487948,sentiment
2026-04-01,BTC,0.222,387766,-79.54,-9.66,161664,65,71.58,38.5,443652,sentiment
2026-04-02,BTC,0.69,44086,58.09,-91.89,930493,62,22.44,92.88,1909801,sentiment
2026-04-03,BTC,-0.228,482911,4.77,79.98,765516,7,26.96,80.8,1831388,sentiment
2026-04-06,BTC,-0.159,73299,-26.83,67.99,739414,8,34.6,26.78,1651671,sentiment
2026-04-07,BTC,0.956,325312,-49.31,21.88,158167,43,26.03,77.01,2915024,sentiment
2026-04-08,BTC,0.95,409901,88.15,-22.71,854275,64,72.1,43.16,1164513,sentiment
2026-04-09,BTC,0.843,291920,-46.71,33.04,168776,98,5.47,14.15,2799136,sentiment
2026-04-10,BTC,-0.701,449804,15.21,-71.1,275789,44,31.43,60.11,1774584,sentiment
2026-04-13,BTC,-0.546,80504,-32.73,25.3,764198,43,3.1,76.66,236161,sentiment
2026-04-14,BTC,0.865,434307,-47.28,8.46,779844,44,3.55,22.96,1525181,sentiment
2026-04-15,BTC,0.993,431869,-66.44,-67.39,968870,53,95.92,22.59,2385439,sentiment
2026-04-16,BTC,0.303,464831,21.09,-27.75,280229,53,68.42,41.71,2945619,sentiment
2026-04-17,BTC,0.027,269238,17.08,16.06,353514,9,77.21,20.86,683274,sentiment
2026-04-20,BTC,-0.148,123185,-78.83,-22.72,78105,61,97.69,7.32,2324314,sentiment
2026-04-21,BTC,0.822,423633,-57.93,92.85,57838,2,79.62,8.45,1271849,sentiment
2026-04-22,BTC,0.279,408538,-58.48,73.99,513718,4,0.25,25.0,2780760,sentiment
2026-04-23,BTC,0.149,59148,-36.31,46.07,449841,68,89.68,7.79,911346,sentiment
2026-04-24,BTC,-0.757,477056,88.64,88.12,576783,35,42.22,41.7,1704101,sentiment
2026-04-27,BTC,-0.451,440079,72.18,83.26,568005,41,94.58,76.92,1026093,sentiment
2026-04-28,BTC,-0.859,188360,27.91,-55.62,323129,53,46.9,88.66,1104483,sentiment
2026-04-29,BTC,0.967,491334,-68.17,-50.04,803430,68,44.28,25.68,759718,sentiment
2026-04-30,BTC,0.803,45292,-90.81,-13.94,162763,89,74.18,5.34,2552988,sentiment
2026-05-01,BTC,0.841,230886,-72.98,-56.46,200797,30,10.47,12.03,1086164,sentiment
2026-05-04,BTC,0.34,171121,64.69,47.92,44415,12,46.66,76.28,1375220,sentiment
2026-05-05,BTC,0.827,400710,86.56,-55.93,879304,46,70.92,80.18,1779835,sentiment
2026-05-06,BTC,0.095,231623,-34.61,25.11,192665,20,5.22,87.31,626247,sentiment
2026-05-07,BTC,1.0,19496,3.31,-33.84,925652,42,0.65,30.97,1965290,sentiment
2026-05-08,BTC,0.201,433752,-77.07,8.48,448510,51,45.25,14.0,2490769,sentiment
